7400	4	quad 2-input  NAND gate			HC/HCT	http://www.nxp.com/documents/data_sheet/74HC_HCT00.pdf		
7401	4	quad 2-input NAND gate,  open collector  outputs			LS	http://www.ti.com/lit/ds/symlink/sn54ls01.pdf		
7402	4	quad 2-input  NOR  gate			HC/HCT	http://www.nxp.com/documents/data_sheet/74HC_HCT02.pdf		
7403	4	quad 2-input NAND gate, open collector outputs			HC/HCT	https://web.archive.org/web/20120512121440/http://www.nxp.com/documents/data_sheet/74HC_HCT03_CNV.pdf		
7404	6	hex  inverter			HC/HCT	http://www.nxp.com/documents/data_sheet/74HC_HCT04.pdf		
7405	6	hex inverter, open collector outputs			HC	http://www.nxp.com/documents/data_sheet/74HC05.pdf		
7406	6	hex inverter buffer/driver, 30 V open collector outputs			None			
7407	6	hex buffer/driver, 30 V open collector outputs						
7408	4	quad 2-input  AND gate			HC/HCT	http://www.nxp.com/documents/data_sheet/74HC_HCT08.pdf		
7409	4	quad 2-input AND gate, open collector outputs						
7410	3	triple 3-input NAND gate			HC/HCT	http://www.nxp.com/documents/data_sheet/74HC_HCT10_CNV.pdf		
7411	3	triple 3-input AND gate			HC/HCT	http://www.nxp.com/documents/data_sheet/74HC_HCT11.pdf		
7412	3	triple 3-input NAND gate, open collector outputs						
7413	2	dual  Schmitt trigger  4-input NAND gate						
7414	6	hex Schmitt trigger inverter			HC/HCT	http://www.nxp.com/documents/data_sheet/74HC_HCT14.pdf		
7415	3	triple 3-input AND gate, open collector outputs						
7416	6	hex inverter buffer/driver, 15 V open collector outputs						
7417	6	hex buffer/driver, 15 V open collector outputs						
7418	2	dual 4-input NAND gate, Schmitt trigger inputs						
7419	6	hex Schmitt trigger inverter						
7420	2	dual 4-input NAND gate			HC/HCT	http://www.nxp.com/documents/data_sheet/74HC_HCT20.pdf		
7421	2	dual 4-input AND gate			HC	http://www.nxp.com/documents/data_sheet/74HC21.pdf		
7422	2	dual 4-input NAND gate, open collector outputs						
7423	2	expandable dual 4-input NOR gate, strobe						
7424	4	quad 2-input NAND gate gates, Schmitt trigger line-receiver inputs.						
7425	2	dual 4-input NOR gate						
7426	4	quad 2-input NAND gate, 15 V open collector outputs						
7427	3	triple 3-input NOR gate			HC/HCT	http://www.nxp.com/documents/data_sheet/74HC_HCT27.pdf		
7428	4	quad 2-input NOR buffer						
7430	1	8-input NAND gate			HC/HCT	http://www.nxp.com/documents/data_sheet/74HC_HCT30.pdf		
7431	6	hex delay elements			LS	http://www.ti.com/lit/gpn/sn74ls31		
7432	4	quad 2-input  OR gate			HC/HCT	http://www.nxp.com/documents/data_sheet/74HC_HCT32.pdf		
7433	4	quad 2-input NOR buffer, open collector outputs						
7434	6	hex non-inverters			HC	http://pdf.datasheetcatalog.com/datasheet/nationalsemiconductor/DS009389.PDF		
7435	6	hex non-inverters, open-collector outputs						
7436	4	quad 2-input NOR gate (different  pinout  than 7402)						
7437	4	quad 2-input NAND buffer						
7438	4	quad 2-input NAND buffer, open collector outputs						
7439	4	quad 2-input NAND buffer, open collector outputs, input and output terminals flipped, otherwise functionally identical to 7438						
7440	2	dual 4-input NAND buffer						
7441	1	BCD  to decimal  decoder / Nixie tube  driver						
7442	1	BCD to decimal decoder			HC/HCT	http://www.nxp.com/documents/data_sheet/74HC_HCT42_CNV.pdf		
7443	1	excess-3  to decimal decoder						
7444	1	excess-3- Gray code  to decimal decoder						
7445	1	BCD to decimal decoder/driver						
7446	1	BCD to  7-segment display  decoder/driver, 30 V open collector outputs						
7447	1	BCD to 7-segment decoder/driver, 15 V open collector outputs						
7448	1	BCD to 7-segment decoder/driver, internal pullups						
7449	1	BCD to 7-segment decoder/driver, open collector outputs						
7450	2	dual 2-wide 2-input AND-OR-invert gate (one gate expandable)						
7451	2	dual 2-wide 2-input AND-OR-invert gate			Standard	http://www.ti.com/lit/gpn/sn5451		
74LS51	2	2-wide 2-input AND-OR-invert gate and 2-wide 3-input AND-OR-invert gate			LS	http://www.ti.com/lit/gpn/sn54ls54		
7452	1	expandable 4-wide 2-input AND-OR gate						
7453	1	expandable 4-wide 2-input AND-OR-invert gate						
7454	1	3-2-2-3-input AND-OR-invert gate						
7455	1	2-wide 4-input AND-OR-invert gate (74H version is expandable)						
7456	1	50:1  frequency divider						
7457	1	60:1 frequency divider						
7458	1	2-input & 3-input AND-OR gate			HC/HCT	https://web.archive.org/web/20120512110349/http://www.nxp.com/documents/data_sheet/74HC58_CNV.pdf		
7459	1	2-input & 3-input AND-OR-invert gate						
7460	2	dual 4-input expander						
7461	3	triple 3-input expander						
7462	1	3-2-2-3-input AND-OR expander						
7463	6	hex current sensing interface gates						
7464	1	4-2-3-2-input AND-OR-invert gate						
7465	1	4-2-3-2 input AND-OR-invert gate, open collector output						
7468	2	dual 4-bit decade counters						
7469	2	dual 4-bit binary counters						
7470	1	AND-gated positive edge triggered J-K  flip-flop , asynchronous preset and clear						
74H71	1	AND-or-gated J-K master-slave flip-flop, preset						
74L71	1	AND-gated R-S master-slave flip-flop, preset and clear						
7472	1	AND gated J-K master-slave flip-flop, asynchronous preset and clear						
7473	2	dual J-K flip-flop, asynchronous clear			HC/HCT	http://www.ti.com/lit/ds/symlink/cd54hc73.pdf		
7474	2	dual D positive edge triggered flip-flop, asynchronous preset and clear			HC/HCT	http://www.nxp.com/documents/data_sheet/74HC_HCT74.pdf		
7475	2	4-bit bistable  latch			HC/HCT	http://www.ti.com/lit/ds/symlink/cd74hc75.pdf		
7476	2	dual J-K flip-flop, asynchronous preset and clear						
7477	1	4-bit bistable latch						
74H78	2	dual positive pulse triggered J-K flip-flop, preset, common clock and common clear						
74L78	2	dual positive pulse triggered J-K flip-flop, preset, common clock and common clear						
74LS78	2	dual negative edge triggered J-K flip-flop, preset, common clock and common clear						
7479	2	dual D flip-flop						
7480	1	gated  full adder						
7481	1	16-bit  RAM						
7482	1	2-bit binary full adder						
7483	1	4-bit binary half adder (no carry in function)						
7484	1	16-bit  RAM						
7485	1	4-bit  magnitude comparator			HC/HCT	http://www.nxp.com/documents/data_sheet/74HC_HCT85_CNV.pdf		
7486	4	quad 2-input  XOR gate			HC/HCT	http://www.nxp.com/documents/data_sheet/74HC_HCT86.pdf		
7487	1	4-bit true/complement/zero/one element						
7488	1	256-bit  ROM						
7489	1	64-bit  RAM						
7490	1	decade counter  (separate divide-by-2 and divide-by-5 sections)						
7491	1	8-bit  shift register , serial In, serial out, gated input						
7492	1	divide-by-12 counter (separate divide-by-2 and divide-by-6 sections)						
7493	1	4-bit binary counter (separate divide-by-2 and divide-by-8 sections)			HC/HCT	https://web.archive.org/web/20160303222707/http://www.nxp.com/documents/data_sheet/74HC_HCT93_CNV.pdf		
7494	1	4-bit shift register, dual asynchronous presets						
7495	1	4-bit shift register, parallel in, parallel out, serial input						
7496	1	5-bit parallel-in/parallel-out shift register, asynchronous preset						
7497	1	synchronous 6-bit binary rate multiplier						
7498	1	4-bit data selector/storage register						
7499	1	4-bit bidirectional universal shift register						
74100	2	dual 4-bit bistable latch						
74101	1	AND-OR-gated J-K negative-edge-triggered flip-flop, preset						
74102	1	AND-gated J-K negative-edge-triggered flip-flop, preset and clear						
74103	2	dual J-K negative-edge-triggered flip-flop, clear						
74104	1	J-K master-slave flip-flop						
74105	1	J-K master-slave flip-flop						
74106	2	dual J-K negative-edge-triggered flip-flop, preset and clear						
74107	2	dual J-K flip-flop, clear			HC/HCT	http://www.nxp.com/documents/data_sheet/74HC_HCT107.pdf		
74107a	2	dual J-K negative-edge-triggered flip-flop, clear						
74108	2	dual J-K negative-edge-triggered flip-flop, preset, common clear and common clock						
74109	2	dual J-Not-K positive-edge-triggered flip-flop, clear and preset			HC/HCT	http://www.nxp.com/documents/data_sheet/74HC_HCT109_CNV.pdf		
74110	1	AND-gated J-K master-slave flip-flop, data lockout						
74111	2	dual J-K master-slave flip-flop, data lockout						
74112	2	dual J-K negative-edge-triggered flip-flop, clear and preset			HC/HCT	http://www.nxp.com/documents/data_sheet/74HC_HCT112_CNV.pdf		
74113	2	dual J-K negative-edge-triggered flip-flop, preset						
74114	2	dual J-K negative-edge-triggered flip-flop, preset, common clock and clear						
74116	2	dual 4-bit latch, clear						
74118	6	hex set/reset latch						
74119	6	hex set/reset latch						
74120	2	dual pulse synchronizer/drivers						
74121	1	monostable  multivibrator						
74122	1	retriggerable monostable  multivibrator, clear			HC/HCT	http://www.nxp.com/documents/data_sheet/74HC_HCT123.pdf		
74123	2	dual retriggerable monostable multivibrator, clear			HC/HCT	http://www.nxp.com/documents/data_sheet/74HC_HCT123.pdf		
74124	2	dual  voltage-controlled oscillator						
74125	4	quad bus buffer,  three-state  outputs, negative enable			HC/HCT	http://www.nxp.com/documents/data_sheet/74HC_HCT125.pdf		
74126	4	quad bus buffer, three-state outputs, positive enable			HC/HCT	https://web.archive.org/web/20141222125323/http://www.nxp.com/documents/data_sheet/74HC_HCT126_CNV.pdf		
74128	4	quad 2-input NOR line driver						
74130	4	quad 2-input AND gate buffer, 30 V open collector outputs						
74131	4	quad 2-input AND gate buffer, 15 V open collector outputs						
74132	4	quad 2-input NAND Schmitt trigger			HC/HCT	http://www.nxp.com/documents/data_sheet/74HC_HCT132.pdf		
74133	1	13-input NAND gate						
74134	1	12-input NAND gate, three-state output						
74135	4	quad exclusive-or/NOR gate						
74136	4	quad 2-input  XOR gate , open collector outputs						
74137	1	3 to 8-line decoder/ demultiplexer , address latch, inverting outputs			HC	http://www.nxp.com/documents/data_sheet/74HC137.pdf		
74138	1	3 to 8-line decoder/demultiplexer, inverting outputs			HC/HCT	http://www.nxp.com/documents/data_sheet/74HC_HCT138.pdf		
74139	2	dual 2 to 4-line decoder/demultiplexer, inverting outputs			HC/HCT	http://www.nxp.com/documents/data_sheet/74HC_HCT139.pdf		
74140	2	dual 4-input NAND line driver						
74141	1	BCD to decimal decoder/driver for  cold-cathode  indicator/Nixie tube						
74142	1	decade counter/latch/decoder/driver for Nixie tubes						
74143	1	decade counter/latch/decoder/7-segment driver, 15 mA constant current						
74144	1	decade counter/latch/decoder/7-segment driver, 15 V open collector outputs						
74145	1	BCD to decimal decoder/driver						
74147	1	10-line to 4-line priority encoder			HC/HCT	https://web.archive.org/web/20120516001148/http://www.nxp.com/documents/data_sheet/74HC_HCT147_CNV.pdf		
74148	1	8-line to 3-line priority encoder						
74149	1	8-line to 8-line priority encoder						
74150	1	16-line to 1-line data selector/ multiplexer						
74151	1	8-line to 1-line data selector/multiplexer			HC/HCT	http://www.nxp.com/documents/data_sheet/74HC_HCT151.pdf		
74152	1	8-line to 1-line data selector/multiplexer						
74153	2	dual 4-line to 1-line data selector/multiplexer, non-inverting outputs			HC/HCT	http://www.nxp.com/documents/data_sheet/74HC_HCT153_CNV.pdf		
74154	1	4-line to 16-line decoder/demultiplexer, inverting outputs			HC/HCT	http://www.nxp.com/documents/data_sheet/74HC_HCT154.pdf		
74155	2	dual 2-line to 4-line decoder/demultiplexer, inverting outputs						
74156	2	dual 2-line to 4-line decoder/demultiplexer, open collector inverting outputs						
74157	4	quad 2-line to 1-line data selector/multiplexer, non-inverting outputs			HC/HCT	http://www.nxp.com/documents/data_sheet/74HC_HCT157.pdf		
74158	4	quad 2-line to 1-line data selector/multiplexer, inverting outputs			HC	http://www.nxp.com/documents/data_sheet/74HC158.pdf		
74159	1	4-line to 16-line decoder/demultiplexer, open collector outputs						
74160	1	synchronous presettable 4-bit decade counter, asynchronous clear			HC/HCT	http://www.nxp.com/documents/data_sheet/74HC_HCT160_CNV.pdf		
74161	1	synchronous presettable 4-bit binary counter, asynchronous clear			HC/HCT	http://assets.nexperia.com/documents/data-sheet/74HC161.pdf		
74162	1	synchronous presettable 4-bit decade counter, synchronous clear			HC/HCT	http://www.datasheetcatalog.org/datasheet/philips/74HC162.pdf		
74163	1	synchronous presettable 4-bit binary counter, synchronous clear			HC/HCT	http://www.nxp.com/documents/data_sheet/74HC_HCT163.pdf		
74164	1	8-bit parallel-out serial shift register, asynchronous clear			HC/HCT	http://www.nxp.com/documents/data_sheet/74HC_HCT164.pdf		
74165	1	8-bit serial shift register, parallel load, complementary outputs			HC/HCT	http://www.nxp.com/documents/data_sheet/74HC_HCT165.pdf		
74166	1	parallel-load 8-bit shift register			HC/HCT	http://www.nxp.com/documents/data_sheet/74HC_HCT166.pdf		
74167	1	synchronous decade rate multiplier						
74168	1	synchronous presettable 4-bit up/down decade counter						
74169	1	synchronous presettable 4-bit up/down binary counter						
74170	1	4 by 4 register file, open collector outputs						
74171	4	quad D-type flip-flops, clear						
74172	1	16-bit multiple port register file, three-state outputs						
74173	4	quad D flip-flop, three-state outputs and asynchronous clear			HC/HCT	http://www.nxp.com/documents/data_sheet/74HC_HCT173_CNV.pdf		
74174	6	hex D flip-flop, common asynchronous clear			HC/HCT	http://www.nxp.com/documents/data_sheet/74HC_HCT174_CNV.pdf		
74175	4	quad D edge-triggered flip-flop, complementary outputs and asynchronous clear			HC/HCT	http://www.nxp.com/documents/data_sheet/74HC_HCT175.pdf		
74176	1	presettable decade (bi-quinary) counter/latch						
74177	1	presettable binary counter/latch						
74178	1	4-bit parallel-access shift register						
74179	1	4-bit parallel-access shift register, asynchronous clear and complementary Q d  outputs						
74180	1	9-bit odd/even  parity bit  generator and checker						
74181	1	4-bit arithmetic logic unit and function generator			LS	http://www.mouser.com/ds/2/405/sn74ls181-444736.pdf		
74182	1	lookahead carry generator						
74183	2	dual carry-save  full adder						
74184	1	BCD to binary converter						
74185	1	6-bit binary to BCD converter						
74186	1	512-bit (64x8)  ROM , open collector outputs						
74187	1	1024-bit (256x4)  ROM , open collector outputs						
74188	1	256-bit (32x8)  PROM , open collector outputs						
74189	1	64-bit (16x4) RAM, inverting three-state outputs			F	https://web.archive.org/web/20160304091137/http://ltodi.est.ips.pt/lab-dee-et/datasheets/TTL/74189.pdf		
74190	1	synchronous presettable up/down decade counter			HC/HCT	http://pdf.datasheetcatalog.com/datasheet/philips/74HC190.pdf		
74191	1	synchronous presettable up/down binary counter			HC/HCT	http://www.nxp.com/documents/data_sheet/74HC_HCT191_CNV.pdf		
74192	1	synchronous presettable up/down decade counter, clear			HC/HCT	http://www.ti.com/lit/ds/symlink/cd54hc192.pdf		
74193	1	synchronous presettable up/down 4-bit binary counter, clear			HC/HCT	http://www.nxp.com/documents/data_sheet/74HC_HCT193.pdf		
74194	1	4-bit bidirectional universal shift register			HC/HCT	http://assets.nexperia.com/documents/data-sheet/74HC194.pdf		
74195	1	4-bit parallel-access shift register			HC	http://www.ti.com.cn/cn/lit/ds/symlink/cd74hc195.pdf		
74196	1	presettable decade counter/latch			LS	http://www.ti.com/lit/ds/symlink/sn74ls196.pdf		
74197	1	presettable binary counter/latch			LS	http://www.ti.com/lit/ds/symlink/sn74ls197.pdf		
74198	1	8-bit bidirectional universal shift register			Standard	http://www.ti.com/lit/ds/symlink/sn74198.pdf		
74199	1	8-bit bidirectional universal shift register, J-Not-K serial inputs			Standard	http://www.ti.com/lit/ds/symlink/sn74199.pdf		
74200	1	256-bit RAM, three-state outputs						
74201	1	256-bit (256x1) RAM, three-state outputs						
74206	1	256-bit RAM, open collector outputs						
74209	1	1024-bit (1024x1) RAM, three-state output						
74210	8	octal buffer						
74219	1	64-bit (16x4) RAM, non-inverting three-state outputs						
74221	2	dual monostable multivibrator, Schmitt trigger input			HC/HCT	http://www.nxp.com/documents/data_sheet/74HC_HCT221_CNV.pdf		
74222	1	16 by 4 synchronous  FIFO  memory, three-state outputs						
74224	1	16 by 4 synchronous FIFO memory, three-state outputs						
74225	1	asynchronous 16x5 FIFO memory						
74226	1	4-bit parallel latched bus transceiver, three-state outputs						
74227	1	64-bit FIFO memory 16x4						
74228	1	64-bit FIFO memory 16x4, open-collector outputs						
74229	1	80-bit FIFO memory 16x5, three-state outputs			ALS	http://www.datasheets360.com/pdf/5644091180724131267		
74230	8	octal buffer/driver, three-state outputs, true and complementary inputs						
74231	8	octal buffer and line driver, three-state outputs, G and /G complementary inputs						
74232	4	quad NOR Schmitt trigger						
74233	1	80-bit FIFO memory 16x5, three-state outputs			ALS	http://www.ti.com/lit/gpn/sn74als233b		
74237	1	3-of-8 decoder/demultiplexer, address latch, active high outputs			HC	http://www.nxp.com/documents/data_sheet/74HC237.pdf		
74238	1	3-of-8 decoder/demultiplexer, active high outputs			HC/HCT	http://www.nxp.com/documents/data_sheet/74HC_HCT238.pdf		
74239	2	dual 2-of-4 decoder/demultiplexer, active high outputs						
74240	8	octal buffer, inverting three-state outputs			HC/HCT	http://www.nxp.com/documents/data_sheet/74HC_HCT240.pdf		
74241	8	octal buffer, non-inverting three-state outputs			HC/HCT	http://www.nxp.com/documents/data_sheet/74HC_HCT241_CNV.pdf		
74242	4	quad bus transceiver, inverting three-state outputs						
74243	4	quad bus transceiver, non-inverting three-state outputs			HC	https://web.archive.org/web/20120515213245/http://www.nxp.com/documents/data_sheet/74HC243.pdf		
74244	8	octal buffer, non-inverting three-state outputs			HC/HCT	http://www.nxp.com/documents/data_sheet/74HC_HCT244.pdf		
74245	8	octal bus transceiver, non-inverting three-state outputs			HC/HCT	http://www.nxp.com/documents/data_sheet/74HC_HCT245.pdf		
74246	1	BCD to 7-segment decoder/driver, 30 V open collector outputs			LS	http://www.ralphselectronics.com/ProductImages/SEMI-SN74247N.PDF		
74247	1	BCD to 7-segment decoder/driver, 15 V open collector outputs			LS	http://www.ralphselectronics.com/ProductImages/SEMI-SN74247N.PDF		
74248	1	BCD to 7-segment decoder/driver, Internal Pull-up outputs			LS	http://www.ralphselectronics.com/ProductImages/SEMI-SN74247N.PDF		
74249	1	BCD to 7-segment decoder/driver, open collector outputs						
74250	1	1 of 16 data selectors/multiplexers						
74251	1	8-line to 1-line data selector/multiplexer, complementary three-state outputs			HC/HCT	https://web.archive.org/web/20120515184624/http://www.nxp.com/documents/data_sheet/74HC_HCT251_CNV.pdf		
74253	2	dual 4-line to 1-line data selector/multiplexer, three-state outputs			HC/HCT	http://www.nxp.com/documents/data_sheet/74HC_HCT253.pdf		
74255	2	dual 4-bit addressable latch						
74256	2	dual 4-bit addressable latch						
74257	4	quad 2-line to 1-line data selector/multiplexer, non-inverting three-state outputs			HC/HCT	http://www.nxp.com/documents/data_sheet/74HC_HCT257.pdf		
74258	4	quad 2-line to 1-line data selector/multiplexer, inverting three-state outputs			HC	http://www.nxp.com/documents/data_sheet/74HC258.pdf		
74259	1	8-bit addressable latch			HC/HCT	http://www.nxp.com/documents/data_sheet/74HC_HCT259.pdf		
74260	2	dual 5-input NOR gate						
74261	1	2-bit by 4-bit parallel binary multiplier						
74264	1	look ahead carry generator						
74265	4	quad complementary output elements						
74266	4	quad 2-input XNOR gate,  open collector  outputs						
74268	6	hex D-type latches three-state outputs, common output control, common enable						
74269	1	8-bit bidirectional binary counter			F	http://www.mouser.com/ds/2/302/74F269-351005.pdf		
74270	1	2048-bit (512x4)  ROM , open collector outputs						
74271	1	2048-bit (256x8)  ROM , open collector outputs						
74273	1	8-bit register, asynchronous clear			HC/HCT	http://www.nxp.com/documents/data_sheet/74HC_HCT273.pdf		
74274	1	4-bit by 4-bit binary multiplier						
74275	1	7-bit slice  Wallace tree						
74276	4	quad J-Not-K edge-triggered  flip-flops , separate clocks, common preset and clear						
74278	1	4-bit cascadeable priority registers, latched data inputs						
74279	4	quad set-reset latch						
74280	1	9-bit odd/even  parity bit  generator/checker			HC/HCT	http://www.nxp.com/documents/data_sheet/74HC_HCT280_CNV.pdf		
74281	1	4-bit parallel binary accumulator						
74282	1	look-ahead carry generator, selectable carry inputs						
74283	1	4-bit binary  full adder  (has carry in function)			HC	http://media.digikey.com/pdf/Data%20Sheets/NXP%20PDFs/74HC283.pdf		
74284	1	4-bit by 4-bit parallel binary multiplier (low order 4 bits of product)						
74285	1	4-bit by 4-bit parallel binary multiplier (high order 4 bits of product)						
74286	1	9-bit parity generator/checker, bus driver parity I/O port						
74287	1	1024-bit (256x4)  PROM , three-state outputs						
74288	1	256-bit (32x8)  PROM , three-state outputs						
74289	1	64-bit (16x4) RAM, open collector outputs						
74290	1	decade counter (separate divide-by-2 and divide-by-5 sections)						
74291	1	4-bit universal shift register, binary up/down counter, synchronous						
74292	1	programmable frequency divider/digital timer						
74293	1	4-bit binary counter (separate divide-by-2 and divide-by-8 sections)						
74294	1	programmable frequency divider/digital timer						
74295	1	4-bit bidirectional register, three-state outputs						
74297	1	digital  phase-locked loop  filter			HC/HCT	http://www.ti.com/lit/ds/symlink/cd74hct297.pdf		
74298	4	quad 2-input multiplexer, storage						
74299	1	8-bit bidirectional universal shift/storage register, three-state outputs			HC/HCT	https://web.archive.org/web/20120526132442/http://www.nxp.com/documents/data_sheet/74HC_HCT299.pdf		
74301	1	256-bit (256x1)  RAM , open collector output						
74309	1	1024-bit (1024x1)  RAM , open collector output						
74310	8	octal buffer, Schmitt trigger inputs						
74314	1	1024-bit  RAM						
74319	1	64-bit  RAM  (16x4) open collector outputs						
74320	1	crystal-controlled  oscillator						
74321	1	crystal-controlled oscillators, F/2 and F/4 count-down outputs						
74322	1	8-bit shift register, sign extend, three-state outputs						
74323	1	8-bit bidirectional universal shift/storage register, three-state outputs						
74324	1	voltage-controlled oscillator (or crystal controlled)						
74340	8	octal buffer, Schmitt trigger inputs and three-state inverting outputs						
74341	8	octal buffer, Schmitt trigger inputs and three-state non-inverting outputs						
74344	8	octal buffer, Schmitt trigger inputs and three-state non-inverting outputs						
74347	1	BCD-to-7 segment decoders/drivers open collector outputs, low voltage version of 7447						
74348	1	8 to 3-line priority encoder, three-state outputs						
74350	1	4-bit shifter, three-state outputs						
74351	2	dual 8-line to 1-line data selectors/multiplexers, three-state outputs and 4 common data inputs						
74352	2	dual 4-line to 1-line data selectors/multiplexers, inverting outputs						
74353	2	dual 4-line to 1-line data selectors/multiplexers, inverting three-state outputs						
74354	1	8 to 1-line data selector/multiplexer, transparent latch, three-state outputs			HC/HCT	http://www.ti.com/lit/gpn/cd74hct354		
74355	1	8-line to 1-line data selector/multiplexer, transparent registers, open-collector outputs						
74356	1	8 to 1-line data selector/multiplexer, edge-triggered register, three-state outputs			HCT	http://www.ti.com/lit/gpn/cd74hct356		
74357	1	8-line to 1-line data selectors/multiplexers/edge-triggered registers, open-collector outputs						
74361	1	bubble memory  function timing generator						
74362	1	four-phase clock  generator/driver						
74363	8	octal three-state D-latches						
74364	8	8-bit D-type edge-triggered register, three-state outputs						
74365	6	hex buffer, non-inverting three-state outputs			HC/HCT	http://www.nxp.com/documents/data_sheet/74HC_HCT365.pdf		
74366	6	hex buffer, inverting three-state outputs			HC/HCT	http://www.nxp.com/documents/data_sheet/74HC_HCT366.pdf		
74367	6	hex buffer, non-inverting three-state outputs			HC/HCT	http://www.nxp.com/documents/data_sheet/74HC_HCT367_CNV.pdf		
74368	6	hex buffer, inverting three-state outputs			HC/HCT	http://www.nxp.com/documents/data_sheet/74HC_HCT368_CNV.pdf		
74370	1	2048-bit (512x4)  ROM , three-state outputs						
74371	1	2048-bit (256x8)  ROM , three-state outputs						
74373	8	octal transparent latch, three-state outputs			HC/HCT	http://www.nxp.com/documents/data_sheet/74HC_HCT373.pdf		
74374	8	octal register, three-state outputs			HC/HCT	http://www.nxp.com/documents/data_sheet/74HC_HCT374_CNV.pdf		
74375	4	quad bistable latch						
74376	4	quad J-Not-K flip-flop, common clock and common clear						
74377	1	8-bit register, clock enable			HC/HCT	http://www.nxp.com/documents/data_sheet/74HC_HCT377.pdf		
74378	1	6-bit register, clock enable			LS	http://www.ti.com/lit/gpn/sn74ls378		
74379	1	4-bit register, clock enable and complementary outputs						
74380	1	8-bit multifunction register						
74381	1	4-bit arithmetic logic unit/function generator, generate and propagate outputs						
74382	1	4-bit arithmetic logic unit/function generator, ripple carry and overflow outputs						
74384	1	8-bit by 1-bit two's complement multipliers						
74385	4	quad 4-bit adder/subtractor						
74386	4	quad 2-input  XOR gate						
74387	1	1024-bit (256x4)  PROM , open collector outputs						
74388	1	4-bit register, standard and three-state outputs						
74390	2	dual 4-bit decade counter			HC/HCT	http://www.nxp.com/documents/data_sheet/74HC_HCT390_CNV.pdf		
74393	2	dual 4-bit binary counter			HC/HCT	http://www.nxp.com/documents/data_sheet/74HC_HCT393.pdf		
74395	1	4-bit universal shift register, three-state outputs						
74396	8	octal storage registers, parallel access						
74398	4	quad 2-input multiplexers, storage and complementary outputs						
74399	4	quad 2-input multiplexer, storage						
74405	1	1 to 8 decoder, equivalent to Intel 8205, only found as UCY74S405 so might be non-TI number						
74408	1	8-bit  parity  tree						
74412	1	multi-mode buffered 8-bit latches, three-state outputs and clear						
74422	1	re-triggerable mono-stable multivibrators, two inputs						
74423	2	dual retriggerable monostable multivibrator			HC/HCT	http://www.nxp.com/documents/data_sheet/74HC_HCT423.pdf		
74424	1	two-phase clock  generator/driver						
74425	4	quad bus buffers, three-state outputs and active low enables						
74426	4	quad bus buffers, three-state outputs and active high enables						
74428	1	system controller for 8080a						
74436	1	line driver/memory driver circuits - mos memory interface, damping output resistor						
74437	1	line driver/memory driver circuits - mos memory interface						
74438	1	system controller for 8080a						
74440	4	quad tridirectional bus transceiver, non-inverting open collector outputs						
74441	4	quad tridirectional bus transceiver, inverting open collector outputs						
74442	4	quad tridirectional bus transceiver, non-inverting three-state outputs						
74443	4	quad tridirectional bus transceiver, inverting three-state outputs						
74444	4	quad tridirectional bus transceiver, invertin and non-inverting three-state outputs						
74445	1	BCD-to-decimal decoders/drivers						
74446	4	quad bus transceivers, direction controls						
74447	1	BCD-to-7-segment decoders/drivers, low voltage version of 74247						
74448	4	quad tridirectional bus transceiver, inverting and non-inverting open collector outputs						
74449	4	quad bus transceivers, direction controls, true outputs						
74450	1	16-to-1 multiplexer, complementary outputs						
74451	2	dual 8-to-1 multiplexer						
74452	2	dual decade counter, synchronous						
74453	2	dual binary counter, synchronous						
74453	4	quad 4-to-1 multiplexer						
74454	2	dual decade up/down counter, synchronous, preset input						
74455	2	dual binary up/down counter, synchronous, preset input						
74456	1	NBCD (Natural binary coded decimal) adder						
74460	1	bus transfer switch						
74461	1	8-bit presettable binary counter, three-state outputs						
74462	1	fiber-optic link transmitter						
74463	1	fiber-optic link receiver						
74465	8	octal buffer, three-state true outputs						
74466	8	octal buffers, three-state inverting puts						
74467	8	octal buffers, three-state true outputs						
74468	8	octal buffers, three-state inverting outputs						
74469	1	8-bit synchronous up/down counter, parallel load and hold capability						
74470	1	2048-bit (256x8)  PROM , open collector outputs						
74471	1	2048-bit (256x8)  PROM , three-state outputs						
74472	1	PROM , open collector outputs						
74473	1	PROM , three-state outputs						
74474	1	PROM , open collector outputs						
74475	1	PROM , three-state outputs						
74481	1	4-bit  slice cascadable processor  elements						
74482	1	4-bit  slice  expandable control elements						
74484	1	BCD-to-binary converter						
74485	1	binary-to-BCD converter						
74490	2	dual decade counter						
74491	1	10-bit binary up/down counter, limited preset and three-state outputs						
74498	1	8-bit bidirectional shift register, parallel inputs and three-state outputs						
74508	1	8-bit multiplier/divider						
74518	1	8-bit comparator, open collector output, input pull-up resistor						
74519	1	8-bit comparator, open collector output						
74520	1	8-bit comparator, inverting totem-pole output, input pull-up resistor						
74521	1	8-bit comparator, inverting totem-pole output						
74522	1	8-bit comparator, inverting open-collector output, input pull-up resistor						
74524	1	8-bit registered comparator						
74526	1	fuse programmable identity comparator, 16-bit						
74527	1	fuse programmable identity comparator, 8-bit + 4-bit conventional Identity comparator						
74528	1	fuse programmable Identity comparator, 12-bit						
74531	8	octal transparent latch, 32 mA three-state outputs						
74532	8	octal register, 32 mA three-state outputs						
74533	1	octal transparent latch, inverting three-state outputs			HC/HCT	http://www.ti.com/lit/gpn/cd74hct533		
74534	1	octal register, inverting three-state outputs			HCT	https://web.archive.org/web/20120514201434/http://www.nxp.com/documents/data_sheet/74HCT534.pdf		
74535	1	octal transparent latch, inverting three-state outputs						
74536	1	octal register, inverting 32 mA three-state outputs						
74537	1	BCD to decimal decoder, three-state outputs						
74538	1	1 of 8 decoder, three-state outputs						
74539	2	dual 1 of 4 decoder, three-state outputs						
74540	1	inverting octal buffer, three-state outputs			HC/HCT	http://www.nxp.com/documents/data_sheet/74HC_HCT540_CNV.pdf		
74541	1	non-inverting octal buffer, three-state outputs			HC/HCT	http://www.nxp.com/documents/data_sheet/74HC_HCT541.pdf		
74543	1	octal registered transceiver, three-state outputs			F	https://archive.org/download/Sn74f543Datasheet/sn74f543%20datasheet.pdf		
74544	1	non-inverting octal registered transceiver, three-state outputs						
74558	1	8-bit by 8-bit multiplier, three-state outputs						
74560	1	4-bit decade counter, three-state outputs						
74561	1	4-bit binary counter, three-state outputs						
74563	1	8-bit D-type transparent latch, inverting three-state outputs			HC/HCT	https://web.archive.org/web/20160303231418/http://www.nxp.com/documents/data_sheet/74HC_HCT563_CNV.pdf		
74564	1	8-bit D-type edge-triggered register, inverting three-state outputs			HC	https://web.archive.org/web/20120515233933/http://www.nxp.com/documents/data_sheet/74HC564.pdf		
74568	1	decade up/down counte, three-state outputs						
74569	1	binary up/down counter, three-state outputs						
74573	1	octal D-type transparent latch, three-state outputs			HC/HCT	http://www.nxp.com/documents/data_sheet/74HC_HCT573.pdf		
74574	1	octal D-type edge-triggered flip-flop, three-state outputs			HC/HCT	http://www.nxp.com/documents/data_sheet/74HC_HCT574.pdf		
74575	1	octal D-type flip-flop, synchronous clear, three-state outputs						
74576	1	octal D-type flip-flop, inverting three-state outputs						
74577	1	octal D-type flip-flop, synchronous clear, inverting three-state outputs						
74580	1	octal transceiver/latch, inverting three-state outputs						
74589	1	8-bit shift register, input latch, three-state outputs						
74590	1	8-bit binary counter, output registers, three-state outputs			HC	http://www.nxp.com/documents/data_sheet/74HC590.pdf		
74591	1	8-bit binary counters, output registers, open-collector outputs						
74592	1	8-bit binary counter, input registers						
74593	1	8-bit binary counter, input registers and three-state outputs						
74594	1	8-bit shift registers, output latches			HC/HCT	http://www.nxp.com/documents/data_sheet/74HC_HCT594.pdf		
74595	1	8-bit shift registers, output latches, three-state parallel outputs			HC/HCT	http://www.nxp.com/documents/data_sheet/74HC_HCT595.pdf		
74596	1	8-bit shift registers, output latches, open-collector parallel outputs						
74597	1	8-bit shift registers, input latches			HC/HCT	http://www.nxp.com/documents/data_sheet/74HC_HCT597.pdf		
74598	1	8-bit shift register, input latches						
74599	1	8-bit shift registers, output latches, open-collector outputs						
74600	1	dynamic memory refresh controller, transparent and burst modes, for 4K or 16K dRAM						
74601	1	dynamic memory refresh controller, transparent and burst modes, for 64K dRAM						
74602	1	dynamic memory refresh controller, cycle steal and burst modes, for 4K or 16K dRAM						
74603	1	dynamic memory refresh controller, cycle steal and burst modes, for 64K dRAM						
74604	1	octal 2-input multiplexer, latch, high-speed, three-state outputs						
74605	1	latch, high-speed, open collector outputs						
74606	1	octal 2-input multiplexer, latch, glitch-free, three-state outputs						
74607	1	octal 2-input multiplexer, latch, glitch-free, open collector outputs						
74608	1	memory cycle controller						
74610	1	memory mapper, latched, three-state outputs						
74611	1	memory mapper, latched, open collector outputs						
74612	1	memory mapper, three-state outputs						
74613	1	memory mapper, open collector outputs						
74618	1	Schmitt trigger positive-nand gates, totem-pole outputs						
74619	1	Schmitt trigger inverters, totem-pole outputs						
74620	1	octal bus transceiver, inverting, three-state outputs						
74621	1	octal bus transceiver, non-inverting, open collector outputs						
74622	1	octal bus transceiver, inverting, open collector outputs						
74623	1	octal bus transceiver, non-inverting, three-state outputs			HCT	http://www.ti.com/lit/gpn/sn74hct623		
74624	1	voltage-controlled oscillator , enable control, range control, two-phase outputs						
74625	2	dual  voltage-controlled oscillator , two-phase outputs						
74626	2	dual  voltage-controlled oscillator , enable control, two-phase outputs						
74627	2	dual  voltage-controlled oscillator						
74628	1	voltage-controlled oscillator , enable control, range control, external temperature compensation, two-phase outputs						
74629	2	dual  voltage-controlled oscillator , enable control, range control						
74630	1	16-bit error detection and correction (EDAC), three-state outputs						
74631	1	16-bit error detection and correction, open collector outputs						
74632	1	32-bit parallel error detection and correction, three-state outputs, byte-write						
74633	1	32-bit parallel error detection and correction, open-collector outputs, byte-write						
74634	1	32-bit parallel error detection and correction, three-state outputs						
74635	1	32-bit parallel error detection and correction, open-collector outputs						
74638	1	octal bus transceiver, inverting three-state outputs						
74639	1	octal bus transceiver, non-inverting three-state outputs						
74640	1	octal bus transceiver, inverting three-state outputs			HC/HCT	https://web.archive.org/web/20121224063532/http://www.nxp.com/documents/data_sheet/74HC_HCT640_CNV.pdf		
74641	1	octal bus transceiver, non-inverting open collector outputs						
74642	1	octal bus transceiver, inverting open collector outputs						
74643	1	octal bus transceiver, mix of inverting and non-inverting three-state outputs						
74644	1	octal bus transceiver, mix of inverting and non-inverting open collector outputs						
74645	1	octal bus transceiver			HCT	http://www.ti.com/lit/gpn/sn74hct645		
74646	1	octal bus transceiver/latch/multiplexer, non-inverting three-state outputs			HC/HCT	http://www.ti.com/lit/gpn/cd74hct646		
74647	1	octal bus transceiver/latch/multiplexer, non-inverting open collector outputs						
74648	1	octal bus transceiver/latch/multiplexer, inverting three-state outputs						
74649	1	octal bus transceiver/latch/multiplexer, inverting open collector outputs						
74651	1	octal bus transceiver/register, inverting three-state outputs						
74652	1	octal bus transceiver/register, non-inverting three-state outputs			HC/HCT	https://web.archive.org/web/20120514192643/http://www.nxp.com/documents/data_sheet/74HC_HCT652_CNV.pdf		
74653	1	octal bus transceiver/register, inverting three-state and open collector outputs						
74654	1	octal bus transceiver/register, non-inverting three-state and open collector outputs						
74658	1	octal bus transceiver, parity, inverting						
74659	1	octal bus transceiver, parity, non-inverting						
74664	1	octal bus transceiver, parity, inverting						
74665	1	octal bus transceiver, parity, non-inverting						
74668	1	synchronous 4-bit decade up/down counter						
74669	1	synchronous 4-bit binary up/down counter						
74670	1	4 by 4 register file, three-state outputs			HC/HCT	http://www.ti.com/lit/gpn/cd74hct670		
74671	1	4-bit bidirectional shift register/latch/multiplexer, three-state outputs						
74672	1	4-bit bidirectional shift register/latch/multiplexer, three-state outputs						
74673	1	16-bit serial-in serial-out shift register, output storage registers, three-state outputs						
74674	1	16-bit parallel-in serial-out shift register, three-state outputs						
74676	1	16-bit serial/parallel-in serial-out shift register						
74677	1	16-bit address  comparator , enable						
74678	1	16-bit address comparator, latch						
74679	1	12-bit address comparator, latch						
74680	1	12-bit address comparator, enable						
74681	1	4-bit parallel binary accumulator						
74682	1	8-bit  magnitude comparator						
74683	1	8-bit magnitude comparator, open collector outputs						
74684	1	8-bit magnitude comparator						
74685	1	8-bit magnitude comparator, open collector outputs						
74686	1	8-bit magnitude comparator, enable						
74687	1	8-bit magnitude comparator, enable						
74688	1	8-bit equality comparator			HC/HCT	http://www.nxp.com/documents/data_sheet/74HC_HCT688_CNV.pdf		
74689	1	8-bit magnitude comparator, open collector outputs						
74690	1	4-bit decimal counter/latch/multiplexer, asynchronous clear, three-state outputs						
74691	1	4-bit binary counter/latch/multiplexer, asynchronous clear, three-state outputs						
74692	1	4-bit decimal counter/latch/multiplexer, synchronous clear, three-state outputs						
74693	1	4-bit binary counter/latch/multiplexer, synchronous clear, three-state outputs						
74694	1	4-bit decimal counter/latch/multiplexer, synchronous and asynchronous clears, three-state outputs						
74695	1	4-bit binary counter/latch/multiplexer, synchronous and asynchronous clears, three-state outputs						
74696	1	4-bit decimal counter/register/multiplexer, asynchronous clear, three-state outputs						
74697	1	4-bit binary counter/register/multiplexer, asynchronous clear, three-state outputs						
74698	1	4-bit decimal counter/register/multiplexer, synchronous clear, three-state outputs						
74699	1	4-bit binary counter/register/multiplexer, synchronous clear, three-state outputs						
74716	1	programmable decade counter						
74718	1	programmable binary counter						
74724	1	voltage-controlled multivibrator						
74740	1	octal buffer/Line driver, inverting, three-state outputs						
74741	1	octal buffer/line driver, non-inverting, three-state outputs, mixed enable polarity						
74744	1	octal buffer/line driver, non-inverting, three-state outputs						
74748	1	8 to 3-line priority encoder						
74760	1	octal buffer/line driver, non-inverting, open-collector outputs			AS/ALS	http://www.ti.com/lit/gpn/sn74as760		
74762	1	octal buffer/line driver, inverting and non-inverting open-collector outputs			AS/ALS	http://www.ti.com/lit/gpn/sn74as762		
74763	1	octal buffer/line driver, inverting open-collector outputs, complementary enable inputs			AS/ALS	http://www.ti.com/lit/gpn/sn74as762		
74779	1	8-bit bidirectional binary counter (three-state)						
74783	1	synchronous address multiplexer						
74790	1	error detection and correction (EDAC)						
74794	1	8-bit register, readback						
74795	1	octal buffer, three-state outputs						
74796	1	octal buffer, three-state outputs						
74797	1	octal buffer, three-state outputs						
74798	1	octal buffer, three-state outputs						
74804	6	hex 2-input NAND drivers			AS	http://www.ti.com/lit/gpn/sn74as804b		
74805	6	hex 2-input NOR drivers						
74808	6	hex 2-input AND drivers						
74810	4	quad 2-input XNOR gates			AS/ALS	http://www.ti.com/lit/gpn/sn74als810		
74822	1	10-bit bus interface flip-flop, three-state outputs						
74823	1	9-bit D-type flip-flops, three-state outputs			AS	http://www.ti.com/cn/lit/gpn/sn54as823a		
74824	1	9-bit D-type flip-flops, three-state outputs, inverting inputs			AS	http://www.ti.com/cn/lit/gpn/sn54as823a		
74825	1	8-bit D-type flip-flop						
74832	6	hex 2-input OR drivers						
74841	1	10-bit D-type flip-flop, three-state outputs			ALS	http://www.ti.com/lit/gpn/sn74als841		
74842	1	10-bit D-type flip-flop, three-state outputs, inverting inputs			ALS	http://www.ti.com/lit/gpn/sn74als841		
74848	1	8 to 3-line priority encode, three-state outputs						
74857	6	hex 2-line to 1-line multiplexer, three-state outputs						
74867	1	synchronous 8-bit up/down counter, asynchronous clear			AS/ALS	http://pdf1.alldatasheet.com/datasheet-pdf/view/27799/TI/SN74ALS867ANT.html		
74869	1	synchronous 8-bit up/down counter, synchronous clear			AS/ALS	http://pdf1.alldatasheet.com/datasheet-pdf/view/27799/TI/SN74ALS867ANT.html		
74870	1	dual 16x4 register files			AS	http://www.datasheets360.com/pdf/717352635026368811		
74871	1	dual 16x4 register files			AS	http://www.datasheets360.com/pdf/717352635026368811		
74873	1	octal transparent latch						
74874	1	octal D-type flip-flop						
74876	1	octal D-type flip-flop, inverting outputs						
74878	2	dual 4-bit D-type flip-flop, synchronous clear, non-inverting three-state outputs						
74879	2	dual 4-bit D-type flip-flop, synchronous clear, inverting three-state outputs						
74880	1	octal transparent latch, inverting outputs						
74881	1	arithmetic logic unit						
74882	1	32-bit lookahead carry generator						
74885	1	8-bit magnitude comparator			AS	http://www.ti.com/lit/gpn/sn74as885		
74888	1	8-bit  slice processor						
74901	6	hex inverting TTL buffer						
74902	6	hex non-inverting TTL buffer						
74903	6	hex inverting CMOS buffer						
74904	6	hex non-inverting CMOS buffer						
74905	1	12-bit successive approximation register						
74906	6	hex open drain n-channel buffers						
74907	6	hex open drain p-channel buffers						
74908	2	dual CMOS 30 V relay driver						
74909	4	quad voltage comparator						
74910	1	256x1 CMOS static RAM						
74911	1	4-digit expandable display controller						
74912	1	6-digit BCD display controller and driver			C	http://pdf.datasheetcatalog.com/datasheet/nationalsemiconductor/DS005916.PDF		
74914	6	hex Schmitt trigger, extended input voltage			C	http://pdf.datasheetcatalog.com/datasheet/fairchild/MM74C914.pdf		
74915	1	7-segment to BCD decoder						
74917	1	6-digit hex display controller and driver			C	https://www.logre.eu/mediawiki/images/d/d5/MM74C912_C917_NationalSemiconductor.pdf		
74918	2	dual CMOS 30 V relay driver						
74920	1	256x4 CMOS static RAM						
74921	1	256x4 CMOS static RAM						
74922	1	16-key encoder						
74923	1	20-key encoder						
74925	1	4-digit counter/display driver			C	https://web.archive.org/web/20141023042023/https://www.fairchildsemi.com/datasheets/MM/MM74C926.pdf		
74926	1	4-digit decade counter/display driver, carry out and latch (up to 9999)			C	https://www.fairchildsemi.com/datasheets/MM/MM74C926.pdf		
74927	1	4-digit timer counter/display driver (up to 9599, intended as time elapsed)			C	http://skory.z-net.hu/alkatresz/74c926_.pdf		
74928	1	4-digit counter/display driver (up to 1999)			C	http://skory.z-net.hu/alkatresz/74c926_.pdf		
74929	1	1024x1 CMOS static RAM						
74930	1	1024x1 CMOS static RAM						
74932	1	phase comparator						
74933	1	address bus comparator						
74934	1	=ADC0829 ADC, see corresponding NSC datasheet						
74935	1	3.5-digit digital  voltmeter  (DVM) support chip for multiplexed 7-segment displays						
74936	1	3.75-digit digital voltmeter (DVM) support chip for multiplexed 7-segment displays						
74937	1	=ADC3511 ADC, see corresponding NSC datasheet						
74938	1	=ADC3711 ADC, see corresponding NSC datasheet						
74941	1	octal bus/line drivers/line receivers						
74942	1	300 baud modem			HC	http://www.datasheets360.com/pdf/8508627109040657500		
74945	1	4-digit up/down counter, decoder and driver						
74947	1	4-digit up/down counter, decoder and driver						
74948	1	=ADC0816 ADC, see corresponding NSC datasheet						
74949	1	=ADC0808 ADC, see corresponding NSC datasheet						
74962	1	Dual Rank 8-Bit TRI-STATE Shift Register			C	http://pdf.datasheetcatalog.com/datasheets2/16/161779_1.pdf		
74992	1	9-bit D-type transparent read-back latch			ALS	http://www.ti.com/lit/gpn/sn74als992		
74996	1	8-bit D-type edge-triggered read-back latch			ALS	http://www.ti.com/lit/pdf/sdas098		
741004	6	hex inverting buffer			ALS	http://pdf1.alldatasheet.com/datasheet-pdf/view/50924/FAIRCHILD/DM74ALS1004N.html		
741005	6	hex inverting buffer, open-collector output			ALS	http://www.ti.com/lit/gpn/sn74als1005		
741008	4	quad 2-input AND buffer			ALS	http://rtellason.com/chipdata/dm74als1008a.pdf		
741010	3	triple 3-input NAND buffer			ALS	http://www.ti.com/lit/gpn/sn74als1010a		
741034	6	hex non-inverting buffer			ALS	http://www.ti.com/lit/gpn/sn74als1034		
741035	6	hex non-inverting buffer, open-collector outputs			ALS	http://www.ti.com/lit/gpn/sn74als1035		
741245	8	octal bus transceiver			ALS	http://www.ti.com/lit/gpn/sn74als1245a		
742960	1	error detection and correction  (EDAC)						
742961	1	edac bus buffer, inverting						
742962	1	edac bus buffer, non-inverting						
742968	1	dynamic memory controller						
742969	1	memory timing controller for use,  EDAC						
742970	1	memory timing controller for use without EDAC						
743037	4	quad 2-input NAND 30? driver						
743040	2	dual 4-input NAND 30? line driver			F	https://archive.org/download/74f3040Datasheet/74f3040%20datasheet.pdf		
744002	2	dual 4-input NOR gate			HC/HCT	http://www.nxp.com/documents/data_sheet/74HC_HCT4002.pdf		
744015	2	dual 4-bit shift registers			HC/HCT	https://web.archive.org/web/20120515005044/http://www.nxp.com/documents/data_sheet/74HC_HCT4015_CNV.pdf		
744016	4	quad bilateral switch			HC/HCT	http://www.nxp.com/documents/data_sheet/74HC_HCT4016_CNV.pdf		
744017	1	5-stage ÷10 Johnson counter			HC/HCT	http://www.nxp.com/documents/data_sheet/74HC_HCT4017.pdf		
744020	1	14-stage binary counter			HC/HCT	http://www.nxp.com/documents/data_sheet/74HC_HCT4020.pdf		
744024	1	7-stage ripple carry binary counter			HC	http://www.nxp.com/documents/data_sheet/74HC4024.pdf		
744028	1	BCD to decimal decoder						
744040	1	12-stage binary ripple counter			HC/HCT	http://www.nxp.com/documents/data_sheet/74HC_HCT4040.pdf		
744046	1	phase-locked loop  and  voltage-controlled oscillator			HC/HCT	http://www.nxp.com/documents/data_sheet/74HC_HCT4046A_CNV.pdf		
744049	6	hex inverting buffer			HC	http://www.nxp.com/documents/data_sheet/74HC4049.pdf		
744050	6	hex buffer/converter (non-inverting)			HC	http://www.nxp.com/documents/data_sheet/74HC4050_CNV.pdf		
744051	1	high-speed CMOS 8-channel analog multiplexer/demultiplexer			HC/HCT	http://www.nxp.com/documents/data_sheet/74HC_HCT4051.pdf		
744052	2	dual 4-channel analog multiplexer/demultiplexers			HC/HCT	http://www.nxp.com/documents/data_sheet/74HC_HCT4052.pdf		
744053	3	triple 2-channel analog multiplexer/demultiplexers			HC/HCT	http://www.nxp.com/documents/data_sheet/74HC_HCT4053.pdf		
744059	1	programmable divide-by-N counter			HC/HCT	https://web.archive.org/web/20130120073831/http://www.nxp.com/documents/data_sheet/74HC_HCT4059_CNV.pdf		
744060	1	14-stage binary ripple counter with oscillator			HC/HCT	http://www.nxp.com/documents/data_sheet/74HC_HCT4060.pdf		
744066	4	quad single-pole single-throw analog switch			HC/HCT	http://www.nxp.com/documents/data_sheet/74HC_HCT4066.pdf		
744067	1	16-channel analog multiplexer/demultiplexer			HC/HCT	http://www.nxp.com/documents/data_sheet/74HC_HCT4067.pdf		
744075	3	triple 3-input OR gate			HC/HCT	http://www.nxp.com/documents/data_sheet/74HC_HCT4075_CNV.pdf		
744078	1	8-input OR/NOR gate			HC	http://www.ti.com/lit/ds/symlink/sn74hc4078a.pdf		
744094	1	8-bit three-state shift register/latch			HC/HCT	http://www.nxp.com/documents/data_sheet/74HC_HCT4094.pdf		
744316	4	quad analog switch			HC/HCT	http://www.nxp.com/documents/data_sheet/74HC_HCT4316_CNV.pdf		
744351	1	8-channel analog multiplexer/demultiplexer with latch			HC/HCT	http://www.nxp.com/documents/data_sheet/74HC_HCT4351_CNV.pdf		
744351	1	8-channel analog multiplexer/demultiplexer with latch			HC/HCT	http://www.nxp.com/documents/data_sheet/74HC_HCT4351_CNV.pdf		
744352	2	dual 4-channel analog multiplexer/demultiplexer with latch						
744511	1	BCD to 7-segment decoder			HC/HCT	http://www.nxp.com/documents/data_sheet/74HC_HCT4511_CNV.pdf		
744514	1	4-to-16 line decoder/demultiplexer, input latches			HC/HCT	http://www.nxp.com/documents/data_sheet/74HC_HCT4514_CNV.pdf		
744515	1	4-to-16 line decoder/demultiplexer with input latches; inverting			HC/HCT	http://www.nxp.com/documents/data_sheet/74HC_HCT4515_CNV.pdf		
744516	1	binary up/down counter						
744518	2	dual 4-bit synchronous decade counter			HC	https://web.archive.org/web/20120515112811/http://www.nxp.com/documents/data_sheet/74HC_HCT4520_CNV.pdf		
744520	2	dual 4-bit synchronous binary counter			HC/HCT	https://web.archive.org/web/20120515112811/http://www.nxp.com/documents/data_sheet/74HC_HCT4520_CNV.pdf		
744538	2	dual retriggerable precision monostable multivibrator			HC/HCT	http://www.nxp.com/documents/data_sheet/74HC_HCT4538.pdf		
744543	1	BCD to 7-segment latch/decoder/driver for LCDs			HCT	http://www.ti.com/lit/gpn/cd74hct4543		
745555	1	programmable delay timer with oscillator			HC/HCT	http://www.nxp.com/documents/data_sheet/74HC_HCT5555_CNV.pdf		
746300	None	timer						
746301	1	dynamic memory refresh controller, transparent and burst modes, for 16K, 64K, 256K, and 1M dRAM			ALS	https://4donline.ihs.com/images/VipMasterIC/IC/TXII/TXIID056/TXIID056-3-61.pdf?hkey=EF798316E3902B6ED9A73243A3159BB0		
746302	1	dynamic memory refresh controller, transparent and burst modes, for 16K, 64K, 256K, and 1M dRAM			ALS	https://4donline.ihs.com/images/VipMasterIC/IC/TXII/TXIID056/TXIID056-3-61.pdf?hkey=EF798316E3902B6ED9A73243A3159BB0		
747007	6	hex buffer						
747014	6	hex Schmitt trigger non-inverting buffer			HC	http://www.nxp.com/documents/data_sheet/74HC7014.pdf		
747046	1	phase-locked loop  with  voltage-controlled oscillator  and lock detector			HC/HCT	https://web.archive.org/web/20150226135640/http://www.nxp.com/documents/data_sheet/74HC_HCT7046A_CNV.pdf		
747266	4	quad 2-input XNOR gate			HC	https://web.archive.org/web/20120512105906/http://www.nxp.com/documents/data_sheet/74HC7266_CNV.pdf		
747540	8	octal Schmitt trigger buffer/line driver; 3-state; inverting						
747541	8	octal Schmitt trigger buffer/line driver; 3-state			HC/HCT	http://www.nxp.com/documents/data_sheet/74HC_HCT7541.pdf		
747597	1	8-bit shift register with input latches						
749015	9	nine wide Schmitt trigger buffer/line driver						
749115	9	octal buffer/driver, three-state outputs			HC/HCT	http://www.nxp.com/documents/data_sheet/74HC_HCT9115_CNV.pdf		
7411244	8	octal buffer/driver, three-state outputs			AC	http://www.ti.com/lit/ds/symlink/74ac11244.pdf		
7429841	1	10-bit bus-interface D-type latch, three-state outputs						
7440103	1	presettable 8-bit synchronous down counter			HC	http://www.nxp.com/documents/data_sheet/74HC40103.pdf		
7440104	4	4-bit Bidirectional Universal Shift Register; 3-state						
7440105	1	4-bit by 16-word FIFO register			HC/HCT	http://www.nxp.com/documents/data_sheet/74HC_HCT40105.pdf		
74x1G02	1	single 2-input NOR gate			AUP	http://www.nxp.com/documents/data_sheet/74AUP1G02.pdf	LVC	http://www.nxp.com/documents/data_sheet/74LVC1G02.pdf
74x1G04	1	single inverter gate			AUP	http://www.nxp.com/documents/data_sheet/74AUP1G04.pdf	LVC	http://www.nxp.com/documents/data_sheet/74LVC1G04.pdf
74x1G06	1	single inverter gate	schmitt-trigger	open-drain	AUP	http://www.nxp.com/documents/data_sheet/74AUP1G06.pdf	LVC	http://www.nxp.com/documents/data_sheet/74LVC1G06.pdf
74x1G07	1	single buffer gate	schmitt-trigger	open-drain	AUP	http://www.nxp.com/documents/data_sheet/74AUP1G07.pdf	LVC	http://www.nxp.com/documents/data_sheet/74LVC1G07.pdf
74x1G08	1	single 2-input AND gate			AUP	http://www.nxp.com/documents/data_sheet/74AUP1G08.pdf	LVC	http://www.nxp.com/documents/data_sheet/74LVC1G08.pdf
74x1G09	1	single 2-input AND gate		open-drain	AUP	http://www.nxp.com/documents/data_sheet/74AUP1G09.pdf		
74x1G14	1	single inverter gate	schmitt-trigger		AUP	http://www.nxp.com/documents/data_sheet/74AUP1G14.pdf	LVC	http://www.nxp.com/documents/data_sheet/74LVC1G14.pdf
74x1G17	1	single buffer gate	schmitt-trigger		AUP	http://www.nxp.com/documents/data_sheet/74AUP1G17.pdf	LVC	http://www.nxp.com/documents/data_sheet/74LVC1G17.pdf
74x1G27	1	single 3-input NOR gate			LVC	http://www.nxp.com/documents/data_sheet/74LVC1G27.pdf		
74x1G32	1	single 2-input OR gate			AUP	http://www.nxp.com/documents/data_sheet/74AUP1G32.pdf	LVC	http://www.nxp.com/documents/data_sheet/74LVC1G32.pdf
74x1G34	1	single buffer gate			AUP	http://www.nxp.com/documents/data_sheet/74AUP1G34.pdf	LVC	http://www.nxp.com/documents/data_sheet/74LVC1G34.pdf
74x1G57	1	single configurable 7-function gate	schmitt-trigger		AUP	http://www.nxp.com/documents/data_sheet/74AUP1G57.pdf	LVC	http://www.nxp.com/documents/data_sheet/74LVC1G57.pdf
74x1G58	1	single configurable 7-function gate	schmitt-trigger		AUP	http://www.nxp.com/documents/data_sheet/74AUP1G58.pdf	LVC	http://www.nxp.com/documents/data_sheet/74LVC1G58.pdf
74x1G79	1	single D-type flip-flop, positive-edge trigger			AUP	http://www.nxp.com/documents/data_sheet/74AUP1G79.pdf	LVC	http://www.nxp.com/documents/data_sheet/74LVC1G79.pdf
74x1G80	1	single D-type flip-flop, positive-edge trigger, inverted output			AUP	http://www.nxp.com/documents/data_sheet/74AUP1G80.pdf	LVC	http://www.nxp.com/documents/data_sheet/74LVC1G80.pdf
74x1G86	1	single 2-input XOR gate			AUP	http://www.nxp.com/documents/data_sheet/74AUP1G86.pdf	LVC	http://www.nxp.com/documents/data_sheet/74LVC1G86.pdf
74x1G97	1	single configurable 7-function gate	schmitt-trigger		AUP	http://www.nxp.com/documents/data_sheet/74AUP1G97.pdf	LVC	http://www.nxp.com/documents/data_sheet/74LVC1G97.pdf
74x1G98	1	single configurable 7-function gate	schmitt-trigger		AUP	http://www.nxp.com/documents/data_sheet/74AUP1G98.pdf	LVC	http://www.nxp.com/documents/data_sheet/74LVC1G98.pdf
74x1G99	1	single configurable 15-function gate, active-low enable	schmitt-trigger	three-state	AUP	http://www.ti.com/lit/ds/symlink/sn74aup1g99.pdf	LVC	http://www.ti.com/lit/ds/symlink/sn74lvc1g99.pdf
74x1G123	1	single retriggerable monostable multivibrator, clear			LVC	http://www.nxp.com/documents/data_sheet/74LVC1G123.pdf		
74x1G125	1	single buffer gate, active-low enable		three-state	AUP	http://www.nxp.com/documents/data_sheet/74AUP1G125.pdf	LVC	http://www.nxp.com/documents/data_sheet/74LVC1G125.pdf
74x1G126	1	single buffer gate, active-high enable		three-state	AUP	http://www.nxp.com/documents/data_sheet/74AUP1G126.pdf	LVC	http://www.nxp.com/documents/data_sheet/74LVC1G126.pdf
74x1G373	1	single transparent latch, active-low enable		three-state	AUP	http://www.nxp.com/documents/data_sheet/74AUP1G373.pdf		
74x1G374	1	single D-type flip-flop, active-low enable		three-state	AUP	http://www.nxp.com/documents/data_sheet/74AUP1G374.pdf		
74x1G0832	1	single 3-input AND-OR combo gate (2-input AND into OR)	schmitt-trigger		AUP	http://www.nxp.com/documents/data_sheet/74AUP1G0832.pdf		
74x1G3208	1	single 3-input OR-AND combo gate (2-input OR into AND)	schmitt-trigger		AUP	http://www.nxp.com/documents/data_sheet/74AUP1G3208.pdf		
74x2G02	2	dual 2-input NOR gate			AUP	http://www.nxp.com/documents/data_sheet/74AUP2G02.pdf	LVC	http://www.nxp.com/documents/data_sheet/74LVC2G02.pdf
74x2G04	2	dual inverter gate			AUP	http://www.nxp.com/documents/data_sheet/74AUP2G04.pdf	LVC	http://www.nxp.com/documents/data_sheet/74LVC2G04.pdf
74x2G06	2	dual inverter gate	schmitt-trigger	open-drain	AUP	http://www.nxp.com/documents/data_sheet/74AUP2G06.pdf	LVC	http://www.nxp.com/documents/data_sheet/74LVC2G06.pdf
74x2G07	2	dual buffer gate	schmitt-trigger	open-drain	AUP	http://www.nxp.com/documents/data_sheet/74AUP2G07.pdf	LVC	http://www.nxp.com/documents/data_sheet/74LVC2G07.pdf
74x2G08	2	dual 2-input AND gate			AUP	http://www.nxp.com/documents/data_sheet/74AUP2G08.pdf	LVC	http://www.nxp.com/documents/data_sheet/74LVC2G08.pdf
74x2G14	2	dual inverter gate	schmitt-trigger		AUP	http://www.nxp.com/documents/data_sheet/74AUP2G14.pdf	LVC	http://www.nxp.com/documents/data_sheet/74LVC2G14.pdf
74x2G17	2	dual buffer gate	schmitt-trigger		AUP	http://www.nxp.com/documents/data_sheet/74AUP2G17.pdf	LVC	http://www.nxp.com/documents/data_sheet/74LVC2G17.pdf
74x2G32	2	dual 2-input OR gate			AUP	http://www.nxp.com/documents/data_sheet/74AUP2G32.pdf	LVC	http://www.nxp.com/documents/data_sheet/74LVC2G32.pdf
74x2G34	2	dual buffer gate			AUP	http://www.nxp.com/documents/data_sheet/74AUP2G34.pdf	LVC	http://www.nxp.com/documents/data_sheet/74LVC2G34.pdf
74x2G79	2	dual D-type flip-flop, positive-edge trigger			AUP	http://www.nxp.com/documents/data_sheet/74AUP2G79.pdf		
74x2G80	2	dual D-type flip-flop, positive-edge trigger, invert output			AUP	http://www.nxp.com/documents/data_sheet/74AUP2G80.pdf		
74x2G125	2	dual buffer, active-low enable		three-state	AUP	http://www.nxp.com/documents/data_sheet/74AUP2G125.pdf	LVC	http://www.nxp.com/documents/data_sheet/74LVC2G125.pdf
74x2G126	2	dual buffer, active-high enable		three-state	AUP	http://www.nxp.com/documents/data_sheet/74AUP2G126.pdf	LVC	http://www.nxp.com/documents/data_sheet/74LVC2G126.pdf
74x2G240	2	dual inverter, active-low enable,		three-state	AUP	http://www.nxp.com/documents/data_sheet/74AUP2G240.pdf	LVC	http://www.nxp.com/documents/data_sheet/74LVC2G240.pdf
74x2G241	2	dual buffer, active-low and active-high enables		three-state	AUP	http://www.nxp.com/documents/data_sheet/74AUP2G241.pdf	LVC	http://www.nxp.com/documents/data_sheet/74LVC2G241.pdf
74x2G0604	2	dual combo gates - one inverter, one inverter with O.D.		open-drain	AUP	http://www.nxp.com/documents/data_sheet/74AUP2G0604.pdf		
74x2G3404	2	dual combo gates - one buffer, one inverter			AUP	http://www.nxp.com/documents/data_sheet/74AUP2G3404.pdf		
74x2G3407	2	dual combo gates - one buffer, one buffer with O.D.		open-drain	AUP	http://www.nxp.com/documents/data_sheet/74AUP2G3407.pdf		
74x3G06	3	triple inverter gate	schmitt-trigger	open-drain	LVC	http://www.nxp.com/documents/data_sheet/74LVC3G06.pdf		
74x3G07	3	triple buffer gate	schmitt-trigger	open-drain	AUP	http://www.nxp.com/documents/data_sheet/74AUP3G07.pdf	LVC	http://www.nxp.com/documents/data_sheet/74LVC3G07.pdf
74x3G14	3	triple inverter gate	schmitt-trigger		AUP	http://www.nxp.com/documents/data_sheet/74AUP3G14.pdf	LVC	http://www.nxp.com/documents/data_sheet/74LVC3G14.pdf
74x3G17	3	triple buffer gate	schmitt-trigger		AUP	http://www.nxp.com/documents/data_sheet/74AUP3G17.pdf	LVC	http://www.nxp.com/documents/data_sheet/74LVC3G17.pdf
74x3G34	3	triple buffer gate			AUP	http://www.nxp.com/documents/data_sheet/74AUP3G34.pdf	LVC	http://www.nxp.com/documents/data_sheet/74LVC3G34.pdf
74x3G0434	3	triple combo gates - two inverter, one buffer			AUP	http://www.nxp.com/documents/data_sheet/74AUP3G0434.pdf		
74x3G3404	3	triple combo gates - two buffer, one inverter			AUP	http://www.nxp.com/documents/data_sheet/74AUP3G3404.pdf		
